run_start_time,steps_exercise,fitbit_distance,calories,fitbit_elev_gain,avg_speed,pace,duration,active_duration,avg_hr,date
15:02:09,3016.0,2.12755,265,87.998688,7.336379310344827,490.7052713214731,17.4,17.4,169.0,2018-03-05
16:17:09,3024.0,2.134329,262,95.0,7.283018388625592,494.3005506648693,17.583333333333332,17.583333333333332,168.0,2018-03-06
22:21:07,3055.0,2.161421,259,97.998688,7.361509555345316,489.0301334168587,17.616666666666667,17.616666666666667,168.0,2018-03-07
15:00:58,3044.0,2.149777,296,101.000656,7.146073130193905,503.7731820556272,18.05,18.05,172.0,2018-03-19
21:10:42,3272.0,2.30643,294,106.000656,7.232707317073172,497.73892986130073,19.133333333333333,19.133333333333333,171.0,2018-03-21
15:13:50,4039.0,2.831961,377,102.998688,7.099623676880223,507.06912983618065,23.933333333333334,23.933333333333334,175.0,2018-03-22
13:42:02,3106.0,2.197591,281,102.998688,7.325303333333334,491.44722562114606,18.0,18.0,173.0,2018-03-23
14:56:38,2803.0,1.984635,247,71.000656,7.335406570841889,490.770343161337,16.233333333333334,16.233333333333334,167.0,2018-03-26
20:54:06,2951.0,2.083402,265,91.000656,7.274730552861299,494.8636892928009,17.183333333333334,17.183333333333334,165.0,2018-03-28
15:21:50,3037.0,2.152169,274,92.998688,7.227433208955225,498.1021471826794,17.866666666666667,17.866666666666667,168.0,2018-03-29
21:41:43,98.0,0.061671,9,0.0,3.580896774193548,1005.3347602600899,1.0833333333333333,1.0333333333333334,120.0,2018-04-04
21:42:54,3051.0,2.152026,278,100.0,7.350373434535104,489.7710343648264,17.566666666666666,17.566666666666666,172.0,2018-04-04
14:11:59,3044.0,2.150976,281,96.000656,7.346787096774193,490.0101163378857,17.566666666666666,17.566666666666666,174.0,2018-04-06
13:50:25,3016.0,2.125642,268,98.999344,7.3018236641221375,493.02751827447895,17.466666666666665,17.466666666666665,173.0,2018-04-09
21:01:41,2524.0,1.78661,236,70.0,7.392868965517241,486.95574299931155,14.5,14.5,172.0,2018-04-11
15:16:29,3087.0,2.182566,282,95.0,7.32268182665424,491.62316282760753,17.883333333333333,17.883333333333333,171.0,2018-04-12
13:59:40,3042.0,2.151075,283,97.998688,7.333210227272727,490.9173320316586,17.6,17.6,173.0,2018-04-13
15:22:14,3064.0,2.160955,266,103.999344,7.297784240150094,493.30041578838984,17.766666666666666,17.766666666666666,173.0,2018-04-16
21:04:26,3023.0,2.141668,265,105.0,7.349861582459487,489.8051425337634,17.533333333333335,17.483333333333334,171.0,2018-04-18
15:48:17,2643.0,1.863418,235,60.0,7.355597368421052,489.42319973296384,15.2,15.2,172.0,2018-04-19
14:36:46,2904.0,2.059398,269,92.998688,7.304268768472906,492.8624772870519,16.916666666666668,16.916666666666668,173.0,2018-04-23
15:34:19,3033.0,2.148528,264,92.001312,7.296887547169812,493.3610360209408,17.666666666666668,17.666666666666668,171.0,2018-04-24
15:26:28,3050.0,2.160421,277,102.998688,7.379047058823528,487.8678739005037,17.566666666666666,17.566666666666666,169.0,2018-04-26
22:12:41,2805.0,2.050252,259,77.998688,7.508552594099695,479.45325745323015,16.416666666666668,16.383333333333333,168.0,2018-04-29
15:10:20,3022.0,2.155077,263,125.0,7.339902743614002,490.46971407518157,17.666666666666668,17.616666666666667,170.0,2018-04-30
15:26:24,3021.0,2.173463,266,96.000656,7.305757983193278,492.7620115916397,18.1,17.85,162.0,2018-05-01
20:44:43,2498.0,1.791904,220,60.0,7.372405028571428,488.3074093254996,15.516666666666667,14.583333333333334,163.0,2018-05-02
14:52:28,3064.0,2.208925,272,91.000656,7.404217877094971,486.20935522935366,17.9,17.9,166.0,2018-05-03
12:06:11,2179.0,1.563295,173,42.998688,7.356682352941177,489.3510182019388,12.75,12.75,155.0,2018-05-04
13:35:01,3008.0,2.200344,224,72.998688,7.735584374999999,465.38177666764835,23.9,17.066666666666666,154.0,2019-09-06
21:54:19,2818.0,2.029001,243,80.0,7.5225577754891875,478.5606315620347,23.5,16.183333333333334,159.0,2019-09-09
15:19:08,2930.0,2.162098,232,77.998688,7.768016766467066,463.4387525449818,24.216666666666665,16.7,158.0,2019-09-10
13:10:14,3018.0,2.204724,246,103.999344,7.728341187925998,465.8179436519038,22.2,17.116666666666667,160.0,2019-09-11
15:41:08,2887.0,2.084247,242,72.001312,7.579079999999999,474.9916876454662,26.033333333333335,16.5,157.0,2019-09-12
22:16:15,2712.0,1.952926,211,97.998688,7.551593555316863,476.7205721056507,20.016666666666666,15.516666666666667,154.0,2019-09-13
14:59:41,2749.0,2.055353,212,70.0,7.821639323467231,460.26157064017707,22.4,15.766666666666667,155.0,2019-09-16
15:14:58,3529.0,2.59914,282,66.000656,7.745781456953642,464.7691159383489,31.7,20.133333333333333,157.0,2019-09-17
13:46:19,3384.0,2.421968,282,108.999344,7.529434196891192,478.12357553857026,27.016666666666666,19.3,156.0,2019-09-18
15:49:05,3337.0,2.416233,265,110.0,7.630209473684211,471.80880320730654,27.416666666666668,19.0,162.0,2019-09-19
13:40:16,2611.0,1.898525,205,76.000656,7.653628219484882,470.3651518942337,21.6,14.883333333333333,162.0,2019-09-20
14:39:53,3145.0,2.330409,267,105.0,7.696763669724771,467.7290552860035,22.766666666666666,18.166666666666668,163.0,2019-09-24
17:07:00,3132.0,2.279606,250,103.999344,7.612784415584414,472.88873603596414,21.433333333333334,17.966666666666665,155.0,2019-09-25
16:47:30,3005.0,2.187935,238,105.0,7.744902654867257,464.82185256874635,23.916666666666668,16.95,164.0,2019-09-26
14:17:46,2761.0,2.050674,234,72.001312,7.820366949152541,460.3364552337427,21.016666666666666,15.733333333333333,164.0,2019-09-27
14:04:06,3024.0,2.227187,222,101.000656,7.807081986368061,461.1197892229077,21.916666666666668,17.116666666666667,166.0,2019-09-30
14:59:10,3109.0,2.35921,249,96.000656,8.111896848137535,443.79262549751826,21.85,17.45,162.0,2019-10-01
13:55:22,3122.0,2.260834,248,102.001312,7.700096877956481,467.52658532205373,22.366666666666667,17.616666666666667,160.0,2019-10-02
14:47:13,3065.0,2.270695,238,112.001313,7.852547550432276,458.44994594166104,21.5,17.35,166.0,2019-10-03
13:35:02,2974.0,2.200344,233,92.001312,7.897545762711864,455.83781445083133,21.85,16.716666666666665,162.0,2019-10-04
13:46:13,3074.0,2.282539,272,91.000656,7.939266086956522,453.44241653702306,24.25,17.25,157.0,2019-10-07
14:41:17,3076.0,2.321704,262,80.0,8.059917454194792,446.65469844562443,24.316666666666666,17.283333333333335,161.0,2019-10-08
14:11:03,2829.0,2.084502,221,100.0,7.825033576642336,460.0619236633018,19.933333333333334,15.983333333333333,161.0,2019-10-09
14:01:50,3169.0,2.329825,278,128.999344,7.816747437092264,460.54961209532905,21.783333333333335,17.883333333333333,158.0,2019-10-10
13:50:33,2946.0,2.239931,237,93.999344,8.211559674134419,438.4063616245322,20.65,16.366666666666667,166.0,2019-10-11
14:24:57,2912.0,2.189053,248,93.999344,7.9682414560161785,451.79353811899483,23.9,16.483333333333334,162.0,2019-10-14
14:08:47,3074.0,2.311091,266,101.000656,7.976920038350911,451.30200411840127,21.183333333333334,17.383333333333333,160.0,2019-10-15
13:10:21,3087.0,2.321785,252,103.999344,8.09925,444.4856005185665,27.2,17.2,163.0,2019-10-16
15:53:18,3032.0,2.292617,249,112.998688,8.123446062992127,443.16167942573924,20.75,16.933333333333334,160.0,2019-10-17
13:35:04,3011.0,2.299602,234,103.999344,8.2785672,434.8578580119516,21.05,16.666666666666668,164.0,2019-10-18
13:57:34,2863.0,2.179745,229,83.999344,8.114872802481901,443.6298741366536,21.6,16.116666666666667,157.0,2019-10-23
13:19:18,2822.0,2.191228,234,97.001312,8.38301891604676,429.4395653943816,21.266666666666666,15.683333333333334,158.0,2019-10-24
22:52:25,3182.0,2.293127,290,100.0,7.331489520426288,491.03255074838853,18.766666666666666,18.766666666666666,167.0,2018-05-06
15:28:29,2930.0,2.114377,256,143.999344,7.304949328214971,492.8165601498692,17.85,17.366666666666667,166.0,2018-05-07
15:08:29,3070.0,2.208148,285,157.998688,7.259664657534247,495.8906739946779,19.083333333333332,18.25,164.0,2018-05-08
18:04:20,3056.0,2.198138,273,157.998688,7.279941858325667,494.50944390206615,19.0,18.116666666666667,165.0,2018-05-09
15:34:33,3514.0,2.519766,320,187.998688,7.159556116811366,502.82446862129257,21.116666666666667,21.116666666666667,166.0,2018-05-10
16:23:21,3154.0,2.269297,268,170.0,7.294168928571428,493.54491721445015,19.516666666666666,18.666666666666668,160.0,2018-05-11
16:13:31,3433.0,2.471212,309,175.0,7.274213573180703,494.8988593451311,21.25,20.383333333333333,168.0,2018-05-14
16:27:22,3624.0,2.612499,332,178.999344,7.31337200622084,492.24899224841806,22.233333333333334,21.433333333333334,165.0,2018-05-15
15:07:38,4354.0,3.12802,404,178.999344,7.158850603941512,502.8740225446129,28.283333333333335,26.216666666666665,170.0,2018-05-16
16:35:24,4063.0,2.915039,364,167.998688,7.227369421487604,498.10654334298783,26.316666666666666,24.2,165.0,2018-05-17
16:05:43,4365.0,3.135184,394,176.000656,7.2304051249199235,497.8974120817151,28.25,26.016666666666666,167.0,2018-05-18
15:47:09,4701.0,3.370317,419,182.001313,7.265354011976048,495.50235185592334,30.166666666666668,27.833333333333332,164.0,2018-05-21
15:51:18,4532.0,3.251437,402,180.0,7.225415555555555,498.241239181322,29.6,27.0,166.0,2018-05-22
15:55:44,4845.0,3.481673,469,177.001313,7.249290225563909,496.60034127271575,31.35,28.816666666666666,166.0,2018-05-23
18:05:09,3563.0,2.549138,314,143.999344,7.163853864168619,502.5228135942424,24.416666666666668,21.35,166.0,2018-05-24
17:19:03,3504.0,2.508973,306,167.001313,7.22006618705036,498.6103875968374,23.9,20.85,162.0,2018-05-25
13:59:49,3880.0,2.784178,362,172.998688,7.236852563176894,497.4538265872369,27.066666666666666,23.083333333333332,168.0,2018-05-31
14:14:50,4198.0,2.99683,408,178.999344,7.1732632978723405,501.8636359086101,28.316666666666666,25.066666666666666,166.0,2018-06-01
16:29:09,4687.0,3.375947,437,188.999344,7.3037314903846156,492.8987333035738,29.033333333333335,27.733333333333334,166.0,2018-06-04
14:27:09,2489.0,1.792202,222,128.999344,7.348436446469249,489.9001340250708,14.683333333333334,14.633333333333333,168.0,2018-06-06
14:41:59,1820.0,1.28978,192,48.999344,7.110578866768759,506.287894059452,17.733333333333334,10.883333333333333,172.0,2018-06-06
14:59:52,59.0,0.034349,14,0.0,3.988916129032258,902.500800605549,0.5166666666666667,0.5166666666666667,169.0,2018-06-06
22:31:14,4418.0,3.154155,418,172.001313,7.195790874524714,500.2924713592072,30.966666666666665,26.3,163.0,2018-06-07
23:41:08,4613.0,3.318849,433,178.999344,7.210534942667471,499.269475652553,30.65,27.616666666666667,165.0,2018-06-08
16:03:14,4377.0,3.1464,418,178.999344,7.260923076923076,495.8047292143402,30.033333333333335,26.0,165.0,2018-06-09
20:57:08,4571.0,3.265312,389,172.998688,7.211732024539878,499.18660146411736,35.2,27.166666666666668,153.0,2018-06-10
15:31:10,4237.0,3.029309,351,167.001313,7.2461876411960136,496.81296955840423,28.983333333333334,25.083333333333332,158.0,2018-06-11
13:55:41,3152.0,2.272404,292,120.0,7.369958918918918,488.46947989882085,19.7,18.5,165.0,2018-06-13
14:37:05,4352.0,3.107061,372,162.001313,7.286918306188925,494.03600379908863,30.233333333333334,25.583333333333332,162.0,2018-06-14
18:00:41,4110.0,2.927087,366,117.001313,7.232335758407688,497.7645010209809,28.766666666666666,24.283333333333335,154.0,2018-06-15
15:45:06,2598.0,1.839768,191,42.001312,7.230529257641923,497.88886424810084,19.866666666666667,15.266666666666667,148.0,2018-07-20
22:38:44,2307.0,1.660111,223,87.998688,7.297191208791208,493.3405055445088,14.7,13.65,171.0,2018-07-25
18:13:22,2867.0,2.041235,264,135.0,7.211428851815505,499.2075875634114,20.883333333333333,16.983333333333334,169.0,2018-07-27
22:43:51,3208.0,2.289299,292,117.998688,7.274030361871139,494.91132438357766,22.466666666666665,18.883333333333333,170.0,2018-07-31
18:43:12,3326.0,2.363093,311,122.998688,7.191153677092139,500.61508370597346,24.15,19.716666666666665,169.0,2018-08-01
23:06:24,3546.0,2.535487,322,130.0,7.27891004784689,494.5795423127786,24.55,20.9,175.0,2018-08-03
12:45:11,3632.0,2.592292,305,126.000656,7.064535352006056,509.5876544771962,27.616666666666667,22.016666666666666,161.0,2018-08-06
13:55:45,3523.0,2.523606,310,135.0,7.250583878691141,496.51173756917683,25.683333333333334,20.883333333333333,162.0,2018-08-07
13:53:08,3502.0,2.508072,323,148.999344,7.2873762711864405,494.00495679549874,26.55,20.65,166.0,2018-08-09
16:05:22,3225.0,2.297725,312,116.000656,7.211691368788142,499.1894156176218,25.233333333333334,19.116666666666667,171.0,2018-08-10
16:13:13,3422.0,2.433401,313,145.0,7.204147697368421,499.7121312927874,25.783333333333335,20.266666666666666,165.0,2018-08-13
19:41:23,3218.0,2.295737,319,110.0,7.243341980718668,497.0081503238394,25.133333333333333,19.016666666666666,171.0,2018-08-14
18:08:44,2979.0,2.066991,291,101.000656,7.039893661305581,511.3713605913137,23.6,17.616666666666667,164.0,2018-08-15
20:11:39,3141.0,2.243678,293,112.001313,7.257179514824799,496.0604863977808,24.2,18.55,167.0,2018-08-16
18:43:16,2901.0,2.027907,258,110.0,6.8356415730337075,526.6513701072091,24.2,17.8,165.0,2018-08-17
18:12:51,3517.0,2.502939,344,132.001313,7.17402898089172,501.8100720792636,27.083333333333332,20.933333333333334,166.0,2018-08-20
17:35:08,3473.0,2.404588,316,101.000656,7.055025916870416,510.2745251993273,25.9,20.45,167.0,2018-08-21
19:08:42,3536.0,2.524035,323,117.001313,7.2287398568019094,498.01211155946726,26.55,20.95,164.0,2018-08-22
18:13:17,3747.0,2.683093,343,97.001312,7.3230741470811225,491.59682500755656,29.416666666666668,21.983333333333334,166.0,2018-08-23
16:02:17,82.0,0.06512,0,0.0,5.581714285714285,644.9631449631449,0.7666666666666667,0.7,112.0,2018-08-24
16:03:11,3390.0,2.418582,313,138.999344,7.213666280033139,499.0527507440311,25.95,20.116666666666667,166.0,2018-08-24
17:26:31,3315.0,2.31662,314,86.000656,7.103775127768313,506.77279830097297,27.45,19.566666666666666,166.0,2018-08-26
17:35:09,2866.0,2.049997,261,80.0,7.249498231827111,496.58609256501353,20.266666666666666,16.966666666666665,161.0,2018-08-27
13:21:24,3180.0,2.285043,275,117.998688,7.325160106856633,491.45683472914953,24.083333333333332,18.716666666666665,162.0,2018-08-28
15:06:51,3460.0,2.460388,336,125.0,7.2069949552481685,499.5147106879078,27.1,20.483333333333334,164.0,2018-08-29
14:40:39,3571.0,2.539215,324,115.0,7.226224505928855,498.18546283004787,27.2,21.083333333333332,165.0,2018-08-31
16:43:19,3490.0,2.491344,318,81.000656,7.244619063004845,496.9205376696274,26.833333333333332,20.633333333333333,166.0,2018-09-05
19:25:29,3834.0,2.731523,382,116.000656,7.300284187082406,493.13148745223816,31.05,22.45,171.0,2018-09-06
21:10:54,3337.0,2.366697,327,116.000656,7.319681443298969,491.8246822470304,25.1,19.4,168.0,2018-09-07
19:51:09,3558.0,2.532131,329,125.0,7.333605470635559,490.89087412934003,26.1,20.716666666666665,166.0,2018-09-11
15:19:12,3658.0,2.601793,327,146.000656,7.363565094339622,488.89362066851595,28.233333333333334,21.2,165.0,2018-09-12
19:58:36,3561.0,2.530615,324,130.0,7.264923444976077,495.53171857433864,25.7,20.9,164.0,2018-09-13
21:58:48,3521.0,2.510868,316,118.999344,7.348881951219512,489.8704352439077,29.516666666666666,20.5,160.0,2018-09-14
20:15:14,3385.0,2.403576,305,113.999344,7.265217128463477,495.51168758549755,25.416666666666668,19.85,165.0,2018-09-25
21:32:53,3602.0,2.560037,316,131.000656,7.2682438485804415,495.3053412899892,25.233333333333334,21.133333333333333,156.0,2018-09-27
15:18:06,3527.0,2.509283,280,148.999344,7.279144883158743,494.56358649064293,26.683333333333334,20.683333333333334,152.0,2018-10-01
22:32:44,3414.0,2.437235,282,130.0,7.317803169307756,491.9509197923057,25.3,19.983333333333334,156.0,2018-10-02
16:02:35,3543.0,2.523513,317,130.0,7.326328064516129,491.37848705356384,26.65,20.666666666666668,157.0,2018-10-03
20:51:04,3577.0,2.550921,304,127.001313,7.276795245641839,494.72327837671173,25.45,21.033333333333335,154.0,2018-10-04
21:12:13,3582.0,2.565586,284,132.998688,7.359449880478088,489.16699732536733,25.6,20.916666666666668,152.0,2018-10-05
14:37:20,3426.0,2.446742,286,141.000656,7.309768630705395,492.4916480773208,24.466666666666665,20.083333333333332,152.0,2018-10-08
15:56:53,3609.0,2.577522,292,142.998688,7.335240474308301,490.78145598757254,25.8,21.083333333333332,142.0,2018-10-10
21:13:32,3480.0,2.482378,266,171.000656,7.2419455429497575,497.1039865806094,24.466666666666665,20.566666666666666,143.0,2018-10-11
21:11:31,3503.0,2.502318,294,112.998688,7.276530533117931,494.74127588899574,24.6,20.633333333333333,150.0,2018-10-12
15:41:54,3575.0,2.553736,293,142.998688,7.2963885714285714,493.39477534091236,24.733333333333334,21.0,149.0,2018-10-15
21:05:25,3771.0,2.685672,287,162.998688,7.369221951219512,488.51832986306596,27.533333333333335,21.866666666666667,144.0,2018-10-16
22:47:21,3603.0,2.566257,278,148.999344,7.349662052505965,489.81843985228295,24.5,20.95,147.0,2018-10-25
14:58:08,3326.0,2.373278,272,127.998688,7.2899324232081915,493.83173821187404,23.983333333333334,19.533333333333335,156.0,2018-10-29
21:34:35,3481.0,2.482434,273,138.999344,7.331224282198524,491.05031593992027,27.65,20.316666666666666,150.0,2018-10-30
21:39:15,3441.0,2.433843,264,116.000656,7.247175186104219,496.74527075082494,27.366666666666667,20.15,147.0,2018-11-01
20:19:54,196.0,0.130929,23,0.0,5.7481024390243896,626.2936400644625,1.3833333333333333,1.3666666666666667,129.0,2018-11-02
20:21:23,3432.0,2.456528,261,135.0,7.4252735516372805,484.8306227325721,176.06666666666666,19.85,154.0,2018-11-02
23:24:28,3524.0,2.518859,280,117.998688,7.360302272727273,489.1103471849754,25.183333333333334,20.533333333333335,147.0,2018-11-04
22:56:16,3053.0,2.17122,264,56.000656,7.373954716981132,488.2047880914877,21.2,17.666666666666668,156.0,2018-11-07
22:09:38,4113.0,2.955111,305,128.999344,7.4655435789473685,482.2153888635655,27.066666666666666,23.75,145.0,2018-11-13
19:30:53,3531.0,2.52721,258,143.999344,7.463458572600493,482.35010149532485,24.25,20.316666666666666,145.0,2018-11-14
16:07:09,3276.0,2.335082,263,136.000656,7.341742532751092,490.3468058081044,23.7,19.083333333333332,153.0,2018-11-26
22:01:03,3525.0,2.518542,262,131.000656,7.377340276647681,487.98074441482413,24.55,20.483333333333334,149.0,2018-11-27
17:49:17,3233.0,2.310065,242,130.0,7.465201077199281,482.237512797259,23.05,18.566666666666666,156.0,2018-11-28
22:52:38,3480.0,2.483198,296,140.0,7.363684349258649,488.88570303294387,24.6,20.233333333333334,170.0,2018-11-29
22:51:09,3476.0,2.494563,293,131.000656,7.40959306930693,485.8566410228966,24.083333333333332,20.2,167.0,2018-11-30
21:54:50,3272.0,2.333125,278,116.000656,7.291015624999999,493.7583712831503,27.383333333333333,19.2,168.0,2018-12-12
18:00:20,3198.0,2.274542,286,122.001313,7.324106618962433,491.5275251017568,26.983333333333334,18.633333333333333,165.0,2018-12-13
21:36:07,3314.0,2.369556,274,130.0,7.3411373493975915,490.38722866224725,23.666666666666668,19.366666666666667,161.0,2018-12-17
21:46:15,3296.0,2.344216,260,122.998688,7.294016940363007,493.55520139782345,23.716666666666665,19.283333333333335,164.0,2018-12-19
21:13:22,3300.0,2.362087,277,123.999344,7.36234909090909,488.9743688526291,25.083333333333332,19.25,163.0,2018-12-20
19:36:55,2701.0,1.928786,223,87.998688,7.24048967674661,497.20394071711434,21.4,15.983333333333333,165.0,2019-01-07
22:06:36,3422.0,2.433743,283,137.998688,7.3073184320266895,492.65678422084824,25.05,19.983333333333334,163.0,2019-01-08
16:45:10,3260.0,2.311706,258,132.001313,7.236644869565218,497.4681036429373,26.3,19.166666666666668,158.0,2019-01-11
21:42:41,2849.0,2.013821,221,107.001312,7.235285029940121,497.5616005593347,22.183333333333334,16.7,160.0,2019-01-15
20:51:13,2931.0,2.073913,220,123.999344,7.305368688845401,492.78827028906227,25.35,17.033333333333335,159.0,2019-01-16
22:48:33,3366.0,2.40498,249,97.001312,7.368449361702128,488.56955151394186,25.333333333333332,19.583333333333332,154.0,2019-01-17
16:30:56,3047.0,2.165379,210,112.998688,7.417092673644149,485.3653794555133,24.216666666666665,17.516666666666666,149.0,2019-01-18
21:44:15,3160.0,2.250103,264,97.998688,7.363973454545454,488.86650966644635,23.933333333333334,18.333333333333332,158.0,2019-01-22
23:28:46,2960.0,2.121312,223,107.001312,7.49433091265947,480.36309604622045,21.866666666666667,16.983333333333334,154.0,2019-01-23
22:02:22,2668.0,1.911791,207,90.0,7.513589082969434,479.1318716324117,19.433333333333334,15.266666666666667,159.0,2019-01-24
22:31:37,3206.0,2.276325,252,120.0,7.3298479427549195,491.1425213886418,24.033333333333335,18.633333333333333,161.0,2019-01-28
23:28:53,3395.0,2.420819,286,133.999344,7.416977361702127,485.3729254438271,25.683333333333334,19.583333333333332,159.0,2019-01-30
23:43:21,3526.0,2.523712,278,123.999344,7.386474146341464,487.377323561484,24.733333333333334,20.5,158.0,2019-02-01
22:12:54,3331.0,2.382058,282,122.001313,7.373524333619948,488.2332839922454,25.25,19.383333333333333,158.0,2019-02-05
23:28:39,3101.0,2.205408,226,122.998688,7.364998886827458,488.7984445508496,22.85,17.966666666666665,152.0,2019-02-06
22:43:22,3467.0,2.472374,253,112.998688,7.386345560165975,487.3858081342063,24.75,20.083333333333332,151.0,2019-02-11
22:48:41,3687.0,2.635937,279,121.000656,7.390477570093458,487.11331112997004,25.933333333333334,21.4,148.0,2019-02-12
22:08:41,3243.0,2.31339,260,110.0,7.376620017714792,488.0283912353732,23.466666666666665,18.816666666666666,159.0,2019-02-15
22:13:02,3321.0,2.36894,252,127.001313,7.33922891566265,490.5147449914308,24.5,19.366666666666667,145.0,2019-02-19
22:12:22,3277.0,2.337493,234,120.0,7.414074713656388,485.5629514184642,24.5,18.916666666666668,148.0,2019-02-21
23:01:02,3316.0,2.370121,243,123.999344,7.393791681109186,486.89497287269296,23.65,19.233333333333334,144.0,2019-02-25
23:38:58,3281.0,2.333143,272,107.001312,7.354916637478109,489.46849807319995,24.266666666666666,19.033333333333335,156.0,2019-02-27
22:23:39,3408.0,2.438348,257,138.999344,7.483420971867008,481.06340850444644,23.183333333333334,19.55,148.0,2019-02-28
23:28:47,3362.0,2.401506,272,122.001313,7.414598284734134,485.5286640966127,25.083333333333332,19.433333333333334,151.0,2019-03-04
22:46:11,3303.0,2.351318,259,122.001313,7.2224784982935155,498.44385149095103,24.333333333333332,19.533333333333335,147.0,2019-03-06
22:46:08,3273.0,2.316925,234,122.998688,7.394441489361701,486.85218554765476,24.683333333333334,18.8,150.0,2019-03-07
22:53:40,2271.0,1.62368,171,83.999344,7.465195402298851,482.2378793851005,16.15,13.05,152.0,2019-03-08
22:41:19,2847.0,2.08611,236,112.998688,7.585854545454545,474.56749644074375,21.033333333333335,16.5,164.0,2019-03-13
21:10:39,3200.0,2.278108,257,102.998688,7.395120649233543,486.80747357017316,23.25,18.483333333333334,159.0,2019-03-14
20:33:54,3133.0,2.233078,297,111.000656,7.375303486238533,488.1155069370618,24.066666666666666,18.166666666666668,167.0,2019-03-25
15:37:13,3151.0,2.234525,184,116.000656,7.476105947955391,481.5341068012217,24.05,17.933333333333334,122.0,2019-03-26
13:58:49,3019.0,2.147782,223,116.000656,7.5581771260997055,476.3053233521838,24.3,17.05,133.0,2019-03-28
16:18:55,3050.0,2.163962,233,102.998688,7.377143181818182,487.9937817762049,25.616666666666667,17.6,142.0,2019-03-30
20:53:01,2962.0,2.095208,234,123.999344,7.35160701754386,489.6888518944181,24.733333333333334,17.1,142.0,2019-04-01
20:48:43,2878.0,2.048791,218,118.999344,7.480372819472616,481.2594354426586,20.966666666666665,16.433333333333334,149.0,2019-04-02
22:53:53,3364.0,2.399841,263,108.999344,7.403108483290488,486.2822161968231,27.45,19.45,147.0,2019-04-04
20:31:05,3223.0,2.286758,250,105.0,7.383254529147981,487.58985428278817,25.266666666666666,18.583333333333332,157.0,2019-04-08
21:26:15,3034.0,2.161328,214,120.0,7.452855172413794,483.0363554259233,23.4,17.4,150.0,2019-04-09
21:21:13,3194.0,2.276648,248,92.998688,7.471224065633545,481.8487530790882,22.966666666666665,18.283333333333335,151.0,2019-04-11
14:03:12,2719.0,1.936528,187,123.999344,7.528618574514039,478.1753736584237,22.366666666666667,15.433333333333334,143.0,2019-04-15
21:16:10,3023.0,2.151088,215,93.999344,7.4389210374639765,483.941149780948,24.05,17.35,153.0,2019-04-17
20:27:17,3116.0,2.219836,218,122.001313,7.433869395348837,484.27000913581,23.633333333333333,17.916666666666668,149.0,2019-04-18
12:31:56,3070.0,2.185971,218,95.0,7.596038223938223,473.9312644129314,25.433333333333334,17.266666666666666,138.0,2019-04-22
12:41:05,3095.0,2.208049,204,122.001313,7.570453714285714,475.53292522040954,23.783333333333335,17.5,148.0,2019-04-23
21:27:45,55.0,0.036804,7,0.0,6.309257142857144,570.5901532442125,0.38333333333333336,0.35,77.0,2019-04-25
21:28:39,3128.0,2.228051,239,106.000656,7.482260820895522,481.13799908529927,22.466666666666665,17.866666666666667,150.0,2019-04-25
19:35:08,3127.0,2.226622,205,121.000656,7.547871186440678,476.95567545816044,24.15,17.7,135.0,2019-04-26
18:56:42,3073.0,2.182784,218,103.999344,7.434269063386944,484.243974667214,25.7,17.616666666666667,136.0,2019-04-28
14:17:32,2768.0,1.959556,192,110.0,7.480807635206788,481.23146263745457,29.816666666666666,15.716666666666667,138.0,2019-04-29
20:43:39,2593.0,1.846237,183,95.0,7.368573392461197,488.5613277168641,22.816666666666666,15.033333333333333,139.0,2019-04-30
14:03:25,3100.0,2.211895,209,108.999344,7.58364,474.70607782014963,24.616666666666667,17.5,144.0,2019-05-02
18:56:34,3213.0,2.270217,220,102.998688,7.416316878402904,485.4161518480392,116.35,18.366666666666667,141.0,2019-05-03
13:19:12,2964.0,2.117745,180,117.998688,7.548398019801981,476.9223867840556,24.233333333333334,16.833333333333332,130.0,2019-05-06
20:03:17,3089.0,2.194031,214,122.998688,7.4796511363636355,481.3058703363809,26.283333333333335,17.6,145.0,2019-05-07
21:13:45,2864.0,2.039844,210,93.999344,7.570555051546392,475.52655987418643,21.6,16.166666666666668,144.0,2019-05-08
20:05:14,3162.0,2.249382,220,105.0,7.429151559633029,484.5775417425764,23.966666666666665,18.166666666666668,139.0,2019-05-09
20:56:02,3175.0,2.251873,216,130.0,7.451050367647058,483.1533572275169,26.9,18.133333333333333,137.0,2019-05-10
15:03:18,3079.0,2.18842,218,110.0,7.5535110258868645,476.59955584394226,23.416666666666668,17.383333333333333,146.0,2019-05-13
17:48:40,2923.0,2.08068,190,106.000656,7.505458917835672,479.6508833650537,22.133333333333333,16.633333333333333,138.0,2019-05-14
21:11:09,2851.0,2.030883,187,82.998688,7.498644923076925,480.0867405951007,21.466666666666665,16.25,139.0,2019-05-16
17:01:03,2723.0,1.917185,202,130.0,7.421361290322579,485.0862071213785,27.983333333333334,15.5,158.0,2019-05-20
17:03:13,3239.0,2.301261,228,105.0,7.416776723366159,485.386055732053,35.45,18.616666666666667,143.0,2019-05-21
16:45:01,3038.0,2.148782,240,102.001312,7.445250433108759,483.52973917316876,26.266666666666666,17.316666666666666,156.0,2019-05-22
18:19:12,3128.0,2.230517,252,102.998688,7.5824940509915,474.77782056805665,83.13333333333334,17.65,159.0,2019-05-23
17:41:21,3075.0,2.193993,244,105.0,7.5079608365019,479.491046689757,32.266666666666666,17.533333333333335,156.0,2019-05-24
13:23:25,3184.0,2.258057,265,112.001313,7.478385648574057,481.38731661778246,31.45,18.116666666666667,158.0,2019-05-28
15:44:15,3126.0,2.206713,244,122.001313,7.424454953271028,484.8840787179846,27.7,17.833333333333332,163.0,2019-05-29
15:57:22,3041.0,2.153374,245,92.001312,7.446826512968299,483.4274027642203,26.05,17.35,157.0,2019-05-30
15:17:03,3534.0,2.515671,297,106.000656,7.392992326530613,486.94761755412367,28.766666666666666,20.416666666666668,157.0,2019-05-31
17:25:02,1888.0,1.34305,154,48.999344,7.392935779816514,486.9513420944864,20.2,10.9,154.0,2019-08-09
15:43:16,2275.0,1.60064,148,65.0,7.2848343868520855,494.1773290683726,24.6,13.183333333333334,159.0,2019-08-12
16:21:08,2650.0,1.859752,229,48.999344,7.3572606593406595,489.3125535017572,25.166666666666668,15.166666666666666,162.0,2019-08-13
17:24:51,3623.0,2.533225,300,82.998688,7.278220271348762,494.626414945376,56.833333333333336,20.883333333333333,158.0,2019-08-15
15:09:10,2709.0,1.897525,196,60.0,7.408991323210412,485.896101500639,25.433333333333334,15.366666666666667,158.0,2019-08-16
13:10:26,3118.0,2.21302,254,115.0,7.431783582089554,484.40592493515646,31.166666666666668,17.866666666666667,158.0,2019-08-19
17:36:58,2824.0,2.018704,236,56.000656,7.4766814814814815,481.4970396848671,27.65,16.2,148.0,2019-08-20
12:52:13,2730.0,1.978464,217,67.998688,7.699968000000001,467.5344105326152,25.7,15.416666666666666,154.0,2019-08-21
15:21:17,2769.0,2.033859,216,33.999344,7.674939622641509,469.0590645664227,20.666666666666668,15.9,164.0,2019-08-23
13:10:11,2912.0,2.120733,190,57.001312,7.711756363636363,466.8197269528979,24.933333333333334,16.5,148.0,2019-08-26
12:27:31,2884.0,2.047784,234,58.999344,7.51480366972477,479.0544315220746,24.15,16.35,153.0,2019-08-27
12:41:08,2921.0,2.166839,232,82.001312,7.863528629032258,457.809740363728,23.2,16.533333333333335,158.0,2019-08-28
13:37:18,2978.0,2.171382,233,73.999344,7.68630796460177,468.3653083612188,28.966666666666665,16.95,151.0,2019-08-29
12:31:54,2976.0,2.144264,210,78.999344,7.635361424332345,471.4904508026996,25.8,16.85,146.0,2019-08-30
12:54:32,2977.0,2.182485,231,102.001312,7.680299120234603,468.7317438607826,24.483333333333334,17.05,151.0,2019-09-03
13:12:31,2965.0,2.169349,227,81.000656,7.709433761105626,466.96036460707796,23.633333333333333,16.883333333333333,148.0,2019-09-04
16:33:01,2993.0,2.168951,209,77.001312,7.647623506366307,470.73447025774215,24.033333333333335,17.016666666666666,155.0,2019-09-05
